{"cameraMode":{"drawMode":0,"name":"Shaded","section":"Shading Mode"},"sceneLighting":true,"audioPlay":false,"sceneViewState":{"m_AlwaysRefresh":false,"showFog":true,"showSkybox":true,"showFlares":true,"showImageEffects":true,"showParticleSystems":true,"showVisualEffectGraphs":true,"m_FxEnabled":true},"in2DMode":false,"pivot":{"x":-0.24871471524238587,"y":-4.191428184509277,"z":0.6345259547233582},"rotation":{"x":0.0028644022531807424,"y":-0.9958499073982239,"z":0.08446051925420761,"w":0.03377918154001236},"size":1.7129631042480469,"orthographic":false}